<?xml version="1.0" encoding="ISO-8859-1"?>
<beans xmlns="http://www.springframework.org/schema/beans"
  xmlns:xsi="http://www.w3.org/2001/XMLSchema-instance"
  xmlns:mvc="http://www.springframework.org/schema/mvc"
  xmlns:context="http://www.springframework.org/schema/context"
  xmlns:aop="http://www.springframework.org/schema/aop"
  xsi:schemaLocation="
    http://www.springframework.org/schema/beans   http://www.springframework.org/schema/beans/spring-beans-3.1.xsd
    http://www.springframework.org/schema/mvc     http://www.springframework.org/schema/mvc/spring-mvc-3.1.xsd
    http://www.springframework.org/schema/context http://www.springframework.org/schema/context/spring-context-3.1.xsd
    http://www.springframework.org/schema/aop     http://www.springframework.org/schema/aop/spring-aop-3.1.xsd
  ">

  <mvc:annotation-driven />

  <bean
    class="org.springframework.web.servlet.view.InternalResourceViewResolver">
    <property name="prefix" value="/WEB-INF/jsp/" />
    <property name="suffix" value=".jsp" />
  </bean>

  <context:component-scan base-package="com.earldouglas.scopedbeans" />

  <context:annotation-config />
 
  <bean class="com.earldouglas.scopedbeans.MetadataImpl" scope="request">
    <constructor-arg>
      <bean class="java.util.Date" />
    </constructor-arg>
    <aop:scoped-proxy proxy-target-class="false" />
  </bean>

</beans>
