<?xml version="1.0" encoding="UTF-8"?>
<!DOCTYPE struts-config PUBLIC "-//Apache Software Foundation//DTD Struts Configuration 1.1//EN" "http://jakarta.apache.org/struts/dtds/struts-config_1_1.dtd">
<struts-config>
   <data-sources />
   <form-beans >
      <form-bean name="exampleForm" type="de.laliluna.tutorial.actionform.form.ExampleForm" />
   </form-beans>

   <global-exceptions />
   <global-forwards />
   <action-mappings >
      <action
         attribute="exampleForm"
         input="/form/example.jsp"
         name="exampleForm"
         path="/example"
         scope="request"
         type="de.laliluna.tutorial.actionform.action.ExampleAction" >
         <forward name="showExample" path="/form/example.jsp" />
      </action>


   </action-mappings>

   <message-resources parameter="de.laliluna.tutorial.actionform.ApplicationResources" />
</struts-config>

