<?xml version="1.0" encoding="UTF-8"?>
<beans:beans xmlns="http://www.springframework.org/schema/security"
	xmlns:beans="http://www.springframework.org/schema/beans" xmlns:xsi="http://www.w3.org/2001/XMLSchema-instance"
	xsi:schemaLocation="http://www.springframework.org/schema/security
		http://www.springframework.org/schema/security/spring-security-2.0.xsd
		http://www.springframework.org/schema/beans 
		http://www.springframework.org/schema/beans/spring-beans.xsd">

	<!-- Enable Spring Security with HTTP basic authentication. -->
	<http auto-config="true">
		<http-basic />
		<intercept-url pattern="/**" access="ROLE_EMPLOYEE" />
	</http>

	<!-- An AuthenticationProvider with sample users and roles. -->
	<authentication-provider>
		<user-service>
			<user name="ntwo" password="ntwo" authorities="ROLE_HR, ROLE_EMPLOYEE" />
			<user name="jmcdoe" password="jmcdoe" authorities="ROLE_EMPLOYEE" />
		</user-service>
	</authentication-provider>

</beans:beans>
