<?xml version="1.0" encoding="UTF-8"?>
<beans:beans xmlns="http://www.springframework.org/schema/security"
	xmlns:xsi="http://www.w3.org/2001/XMLSchema-instance" xmlns:context="http://www.springframework.org/schema/context"
	xmlns:beans="http://www.springframework.org/schema/beans"
	xsi:schemaLocation="http://www.springframework.org/schema/security http://www.springframework.org/schema/security/spring-security-3.0.xsd
		http://www.springframework.org/schema/beans http://www.springframework.org/schema/beans/spring-beans-3.0.xsd
		http://www.springframework.org/schema/context http://www.springframework.org/schema/context/spring-context-3.0.xsd">

	<!-- Enable Spring Security with HTTP basic authentication. -->
	<http auto-config="true">
		<http-basic />
		<intercept-url pattern="/**" access="ROLE_ADMIN" />
		<form-login />
	</http>

	<!-- An AuthenticationProvider with sample users and roles. -->
	<authentication-manager>
		<authentication-provider>
			<user-service>
				<user name="admin" password="password" authorities="ROLE_ADMIN" />
			</user-service>
		</authentication-provider>
	</authentication-manager>

</beans:beans>
