<bean
	class="org.springframework.web.servlet.view.ContentNegotiatingViewResolver">
	<property name="viewResolvers">
		<list>
			<bean
				class="org.springframework.web.servlet.view.InternalResourceViewResolver">
				<property name="prefix" value="/WEB-INF/views/" />
				<property name="suffix" value=".jsp" />
			</bean>
			<bean class="org.springframework.web.servlet.view.BeanNameViewResolver" />
		</list>
	</property>
</bean>

<oxm:jaxb2-marshaller id="marshaller">
	<oxm:class-to-be-bound
		name="com.earldouglas.barebones.springmvc.web.BindableEmployee" />
</oxm:jaxb2-marshaller>

<bean name="employee"
	class="org.springframework.web.servlet.view.xml.MarshallingView">
	<constructor-arg ref="marshaller" />
</bean>
