<?xml version='1.0' encoding='UTF-8'?>
<!DOCTYPE hibernate-mapping PUBLIC
          "-//Hibernate/Hibernate Mapping DTD 3.0//EN"
          "http://hibernate.sourceforge.net/hibernate-mapping-3.0.dtd">

<hibernate-mapping>
     <class name="org.learn.demo.Employee" table="emp">
	      <id name="id">
	      		<generator class="assigned"></generator>
	      </id>
	      <property name="firstName" length="20"></property>
	      <property name="lastName" length="20"></property>
     </class>          
</hibernate-mapping>