<?xml version="1.0" encoding="utf-8"?>
<!DOCTYPE hibernate-configuration SYSTEM 
"http://www.hibernate.org/dtd/hibernate-configuration-3.0.dtd">

<hibernate-configuration>

    <session-factory>
		<property name="hbm2ddl.auto">update</property>
		<property name="hibernate.dialect">
		   org.hibernate.dialect.MySQLDialect
		</property>
		<property name="hibernate.connection.driver_class">
		   com.mysql.jdbc.Driver
		</property>
		
		<!-- Assume test is the database name -->
		<property name="hibernate.connection.url">
		   jdbc:mysql://localhost:3306/northdb
		</property>
		<property name="hibernate.connection.username">
		   root
		</property>
		<property name="hibernate.connection.password">
		   12369874
		</property>
		
		<!-- List of XML mapping files -->
		<mapping resource="employee.xml"/>
    </session-factory>

</hibernate-configuration>